{
    "1.5": {
        "CNA": [
            21.335111999511717, 
            32.17578125, 
            42.971014881134025
        ], 
        "ENA": [
            26.326780478159588, 
            38.344674602495616, 
            48.14150219942472
        ], 
        "NCA": [
            -99999, 
            -99999, 
            -99999
        ], 
        "NEN": [
            50.73196318010398, 
            58.052206529246, 
            76.20780921444616
        ], 
        "NWN": [
            58.95425113059887, 
            68.95744847655301, 
            79.25644765609796
        ], 
        "WNA": [
            20.34383384160336, 
            33.536336254003714, 
            49.94897049836713
        ]
    }, 
    "2": {
        "CNA": [
            13.95623164176941, 
            23.946964979171753, 
            31.927888870239254
        ], 
        "ENA": [
            24.344181381927015, 
            31.206907170002957, 
            39.1368659426079
        ], 
        "NCA": [
            -99999, 
            -99999, 
            -99999
        ], 
        "NEN": [
            51.22029260322783, 
            58.457631295868126, 
            75.64388974406802
        ], 
        "NWN": [
            56.88137475223432, 
            61.10897520362338, 
            75.58946663073924
        ], 
        "WNA": [
            7.545988934694281, 
            29.382519348423305, 
            43.44899010559559
        ]
    }, 
    "26_2041_2060": {
        "CNA": [
            18.66003918647766, 
            21.766618251800537, 
            33.6030738198162
        ], 
        "ENA": [
            21.91775581449269, 
            37.88590454951091, 
            44.96651714979187
        ], 
        "NCA": [
            -99999, 
            -99999, 
            -99999
        ], 
        "NEN": [
            51.50872490299359, 
            60.115287861124294, 
            75.37442575826049
        ], 
        "NWN": [
            56.5763510503112, 
            68.23853802437011, 
            76.30314374208017
        ], 
        "WNA": [
            7.264575257849521, 
            29.678259371534903, 
            49.487858649627825
        ]
    }, 
    "26_2081_2099": {
        "CNA": [
            15.46011519432068, 
            23.66512393951416, 
            40.84256715465628
        ], 
        "ENA": [
            21.661871220692532, 
            36.731359932885354, 
            43.896485754898634
        ], 
        "NCA": [
            -99999, 
            -99999, 
            -99999
        ], 
        "NEN": [
            51.06028103188508, 
            57.504443400995385, 
            77.18925261700458
        ], 
        "NWN": [
            58.203135762494185, 
            65.42956545245762, 
            75.4201726422965
        ], 
        "WNA": [
            4.410477639776802, 
            30.5492429234193, 
            49.412441132328695
        ]
    }, 
    "3": {
        "CNA": [
            -99999, 
            -99999, 
            -99999
        ], 
        "ENA": [
            11.477251021862031, 
            22.88434806607522, 
            33.16578454684657
        ], 
        "NCA": [
            -99999, 
            -99999, 
            -99999
        ], 
        "NEN": [
            45.34435505499563, 
            53.51572457554216, 
            69.22436619004233
        ], 
        "NWN": [
            48.581185417204985, 
            55.507595243908725, 
            62.54439356577542
        ], 
        "WNA": [
            1.0461707636281072, 
            11.629337565294453, 
            24.28809438158067
        ]
    }, 
    "4": {
        "CNA": [
            -99999, 
            -99999, 
            -99999
        ], 
        "ENA": [
            4.739455984537143, 
            11.35077288527279, 
            19.81360679354759
        ], 
        "NCA": [
            -99999, 
            -99999, 
            -99999
        ], 
        "NEN": [
            35.739889019321126, 
            46.2780793151481, 
            54.564665879669754
        ], 
        "NWN": [
            33.36920858983469, 
            44.94268921370883, 
            51.51214507662712
        ], 
        "WNA": [
            0.05312333397947922, 
            4.898845408427023, 
            9.402847686262715
        ]
    }, 
    "85_1995_2014": {
        "CNA": [
            31.141635131835937, 
            39.49335861206055, 
            46.92429656982422
        ], 
        "ENA": [
            36.46727752685547, 
            46.474999291556216, 
            59.02991341835614
        ], 
        "NCA": [
            -99999, 
            -99999, 
            -99999
        ], 
        "NEN": [
            57.7056585179048, 
            61.814800326888076, 
            76.74958649823905
        ], 
        "NWN": [
            65.23269851492171, 
            75.43803938841317, 
            79.48403848745915
        ], 
        "WNA": [
            41.007865020048875, 
            50.706925535366615, 
            64.26494610038263
        ]
    }, 
    "85_2041_2060": {
        "CNA": [
            6.12000002861023, 
            20.642535209655758, 
            36.97678108215334
        ], 
        "ENA": [
            17.426294898986818, 
            30.22341804504395, 
            44.57228044283734
        ], 
        "NCA": [
            -99999, 
            -99999, 
            -99999
        ], 
        "NEN": [
            49.0631359454055, 
            58.39335532558016, 
            73.02483654937042
        ], 
        "NWN": [
            53.57916291757279, 
            61.01746413854762, 
            66.4138305253588
        ], 
        "WNA": [
            1.4924155720650447, 
            20.056022388200994, 
            47.23031658067347
        ]
    }, 
    "85_2081_2099": {
        "CNA": [
            0.2701480209827423, 
            6.694022178649902, 
            22.26850280761719
        ], 
        "ENA": [
            1.1522698051525329, 
            11.21879866822287, 
            23.18997189623142
        ], 
        "NCA": [
            -99999, 
            -99999, 
            -99999
        ], 
        "NEN": [
            32.017273367057534, 
            47.55058425132257, 
            69.41143086907964
        ], 
        "NWN": [
            29.294080666744815, 
            40.04126224766325, 
            55.633258746541586
        ], 
        "WNA": [
            0.0, 
            3.4688803580584477, 
            19.87187696981662
        ]
    }
}