{
    "1.5": {
        "CNA": [
            5.424317073822022, 
            18.3081111907959, 
            26.258193588256837
        ], 
        "ENA": [
            19.434183502197268, 
            27.5638484954834, 
            37.04956817626953
        ], 
        "NCA": [
            -99999, 
            -99999, 
            -99999
        ], 
        "NEN": [
            43.65400848388672, 
            52.76648712158203, 
            69.21316528320312
        ], 
        "NWN": [
            52.4544174194336, 
            60.168846130371094, 
            73.26465759277343
        ], 
        "WNA": [
            12.799052333831789, 
            24.308687210083008, 
            36.920485687255855
        ]
    }, 
    "2": {
        "CNA": [
            6.3645110607147215, 
            13.873616695404053, 
            22.24796657562256
        ], 
        "ENA": [
            16.294823265075685, 
            21.726638793945312, 
            30.141382408142093
        ], 
        "NCA": [
            -99999, 
            -99999, 
            -99999
        ], 
        "NEN": [
            46.42158737182617, 
            51.94682693481445, 
            65.1560432434082
        ], 
        "NWN": [
            51.879778671264646, 
            55.65378952026367, 
            68.3629161834717
        ], 
        "WNA": [
            4.398544025421143, 
            20.33753776550293, 
            34.13852577209474
        ]
    }, 
    "26_2041_2060": {
        "CNA": [
            9.327161407470703, 
            15.911744117736816, 
            23.15576629638672
        ], 
        "ENA": [
            16.961076736450195, 
            27.31819725036621, 
            38.57123565673828
        ], 
        "NCA": [
            -99999, 
            -99999, 
            -99999
        ], 
        "NEN": [
            44.64904937744141, 
            50.1577262878418, 
            70.58055419921875
        ], 
        "NWN": [
            50.51735382080078, 
            60.582401275634766, 
            71.11000518798828
        ], 
        "WNA": [
            5.212817668914795, 
            23.699975967407227, 
            35.5681655883789
        ]
    }, 
    "26_2081_2099": {
        "CNA": [
            7.799192523956299, 
            13.526031494140625, 
            28.277046394348144
        ], 
        "ENA": [
            16.367530059814452, 
            26.095144271850586, 
            36.42884826660156
        ], 
        "NCA": [
            -99999, 
            -99999, 
            -99999
        ], 
        "NEN": [
            42.12244720458985, 
            50.91725540161133, 
            70.15614776611329
        ], 
        "NWN": [
            51.50913848876954, 
            59.43450164794922, 
            68.76444396972656
        ], 
        "WNA": [
            2.6012246370315553, 
            20.699447631835938, 
            36.102081298828125
        ]
    }, 
    "3": {
        "CNA": [
            1.6688032805919648, 
            5.67854368686676, 
            15.568183708190912
        ], 
        "ENA": [
            9.143471002578735, 
            13.25073528289795, 
            26.616473770141607
        ], 
        "NCA": [
            -99999, 
            -99999, 
            -99999
        ], 
        "NEN": [
            39.77512893676758, 
            46.32561111450195, 
            61.62693405151367
        ], 
        "NWN": [
            41.54286231994629, 
            49.831180572509766, 
            57.17868156433106
        ], 
        "WNA": [
            0.6698377773165703, 
            8.321119785308838, 
            16.722995853424077
        ]
    }, 
    "4": {
        "CNA": [
            0.7699819803237915, 
            2.0909509658813477, 
            5.8030794858932495
        ], 
        "ENA": [
            2.6973050832748413, 
            7.409026622772217, 
            14.164664554595946
        ], 
        "NCA": [
            -99999, 
            -99999, 
            -99999
        ], 
        "NEN": [
            30.923272705078123, 
            40.17967987060547, 
            50.368994903564456
        ], 
        "NWN": [
            30.35097026824951, 
            41.80339241027832, 
            45.80975494384766
        ], 
        "WNA": [
            0.030313764885067956, 
            3.677499294281006, 
            5.8875888824462885
        ]
    }, 
    "85_1995_2014": {
        "CNA": [
            17.4976749420166, 
            25.34061050415039, 
            33.9231746673584
        ], 
        "ENA": [
            28.39307403564453, 
            34.35676193237305, 
            50.769107818603516
        ], 
        "NCA": [
            -99999, 
            -99999, 
            -99999
        ], 
        "NEN": [
            45.23707580566406, 
            55.701698303222656, 
            71.15631866455078
        ], 
        "NWN": [
            58.39385223388672, 
            62.89411163330078, 
            74.60651397705078
        ], 
        "WNA": [
            30.00333595275879, 
            35.44373321533203, 
            46.66903305053711
        ]
    }, 
    "85_2041_2060": {
        "CNA": [
            3.3016459465026857, 
            8.394158363342285, 
            22.832568359375003
        ], 
        "ENA": [
            11.069134712219238, 
            21.50513458251953, 
            35.97401428222656
        ], 
        "NCA": [
            -99999, 
            -99999, 
            -99999
        ], 
        "NEN": [
            39.670345306396484, 
            51.26993179321289, 
            66.90762329101562
        ], 
        "NWN": [
            47.624263763427734, 
            53.91447067260742, 
            61.762264251708984
        ], 
        "WNA": [
            0.8698278665542603, 
            13.639122009277344, 
            35.09077453613281
        ]
    }, 
    "85_2081_2099": {
        "CNA": [
            0.21738188266754155, 
            4.588393211364746, 
            15.392001342773442
        ], 
        "ENA": [
            0.7387468218803406, 
            7.7562994956970215, 
            18.60340118408203
        ], 
        "NCA": [
            -99999, 
            -99999, 
            -99999
        ], 
        "NEN": [
            26.265474319458008, 
            39.60300827026367, 
            63.23949432373047
        ], 
        "NWN": [
            25.386722564697266, 
            38.800662994384766, 
            50.15267562866211
        ], 
        "WNA": [
            0.021692931652069092, 
            2.2980055809020996, 
            15.81648063659668
        ]
    }
}