{
    "1.5": {
        "EEU": [
            37.78794205898987, 
            53.53359292075305, 
            67.045150792117
        ], 
        "MED": [
            -99999, 
            -99999, 
            -99999
        ], 
        "NEU": [
            32.75181774674135, 
            45.92762780519405, 
            66.66175704981771
        ], 
        "WCE": [
            20.067417764470434, 
            31.466199812195303, 
            44.97282278632071
        ]
    }, 
    "2": {
        "EEU": [
            35.98413599874735, 
            51.52905150128842, 
            62.84798906983777
        ], 
        "MED": [
            -99999, 
            -99999, 
            -99999
        ], 
        "NEU": [
            31.811899575637106, 
            42.0364743648025, 
            72.43712904281605
        ], 
        "WCE": [
            12.320957260660105, 
            25.95838084756712, 
            36.2748991398465
        ]
    }, 
    "26_2041_2060": {
        "EEU": [
            38.989090474091725, 
            50.654386966261356, 
            65.39693771670842
        ], 
        "MED": [
            -99999, 
            -99999, 
            -99999
        ], 
        "NEU": [
            31.152669284738632, 
            48.61786330648205, 
            75.30107014754537
        ], 
        "WCE": [
            16.01102799339705, 
            29.059008930949044, 
            44.45835173389713
        ]
    }, 
    "26_2081_2099": {
        "EEU": [
            35.265173962405086, 
            48.99113165093864, 
            66.63618164520872
        ], 
        "MED": [
            -99999, 
            -99999, 
            -99999
        ], 
        "NEU": [
            33.75571139573448, 
            49.54492799665893, 
            71.52974188849717
        ], 
        "WCE": [
            16.072371809779355, 
            30.05009759125863, 
            43.854022665591906
        ]
    }, 
    "3": {
        "EEU": [
            22.128530124557813, 
            37.05373313715237, 
            48.53722831822554
        ], 
        "MED": [
            -99999, 
            -99999, 
            -99999
        ], 
        "NEU": [
            18.72031477049154, 
            28.07687718436249, 
            52.19110750768164
        ], 
        "WCE": [
            4.818633491537763, 
            12.56922356886775, 
            23.607144757017405
        ]
    }, 
    "4": {
        "EEU": [
            10.145317546719744, 
            24.17076389924702, 
            36.117897410344895
        ], 
        "MED": [
            -99999, 
            -99999, 
            -99999
        ], 
        "NEU": [
            7.416058052977435, 
            19.694442892129864, 
            37.53442048906394
        ], 
        "WCE": [
            1.3903608312657572, 
            3.688769750815487, 
            19.69947302819601
        ]
    }, 
    "85_1995_2014": {
        "EEU": [
            50.64831915692463, 
            63.03835880893908, 
            78.23778581281451
        ], 
        "MED": [
            -99999, 
            -99999, 
            -99999
        ], 
        "NEU": [
            46.13549464268216, 
            61.69332936627169, 
            86.39393105722344
        ], 
        "WCE": [
            36.51320780070681, 
            45.45227106298192, 
            58.73016872131949
        ]
    }, 
    "85_2041_2060": {
        "EEU": [
            30.520094313100785, 
            41.46987104847681, 
            61.439613506918604
        ], 
        "MED": [
            -99999, 
            -99999, 
            -99999
        ], 
        "NEU": [
            24.438476362099344, 
            39.013902287587236, 
            72.47258488775613
        ], 
        "WCE": [
            6.389187160175578, 
            23.631570459518837, 
            36.63080433817624
        ]
    }, 
    "85_2081_2099": {
        "EEU": [
            9.89232489943394, 
            16.973038805808535, 
            50.59000642560372
        ], 
        "MED": [
            -99999, 
            -99999, 
            -99999
        ], 
        "NEU": [
            6.604948749877383, 
            16.183635078135236, 
            45.759982281672954
        ], 
        "WCE": [
            0.9295524019290777, 
            4.349549004591286, 
            17.424923341415056
        ]
    }
}