{
    "1.5": {
        "CNA": [
            7.331519079208373, 
            9.9359130859375, 
            24.194598388671878
        ], 
        "ENA": [
            14.575186347961427, 
            27.109267234802246, 
            34.061082458496095
        ], 
        "NEN": [
            38.989668655395505, 
            56.07691764831543, 
            70.0269660949707
        ], 
        "NWN": [
            38.61930046081543, 
            58.830060958862305, 
            72.7345832824707
        ], 
        "WNA": [
            16.75746307373047, 
            29.67359161376953, 
            43.2152214050293
        ]
    }, 
    "2": {
        "CNA": [
            4.997843456268311, 
            12.169614791870117, 
            18.53758926391602
        ], 
        "ENA": [
            12.649735450744629, 
            20.93638801574707, 
            28.922805786132812
        ], 
        "NEN": [
            37.43867874145508, 
            57.45527648925781, 
            67.96064758300781
        ], 
        "NWN": [
            39.72255172729493, 
            57.08621597290039, 
            70.84674224853515
        ], 
        "WNA": [
            11.99572458267212, 
            20.82131004333496, 
            36.0922134399414
        ]
    }, 
    "26_2041_2060": {
        "CNA": [
            2.7575712442398075, 
            10.345641136169434, 
            16.582206535339356
        ], 
        "ENA": [
            10.394638538360596, 
            26.08566188812256, 
            29.2267484664917
        ], 
        "NEN": [
            37.84151840209961, 
            57.34289741516113, 
            66.77336502075195
        ], 
        "NWN": [
            41.66512222290039, 
            58.14405822753906, 
            65.65831298828125
        ], 
        "WNA": [
            13.516794204711914, 
            21.60268497467041, 
            33.50996971130371
        ]
    }, 
    "26_2081_2099": {
        "CNA": [
            8.356474876403809, 
            11.373356342315674, 
            20.56018981933594
        ], 
        "ENA": [
            9.549994945526123, 
            21.29637336730957, 
            33.736270904541016
        ], 
        "NEN": [
            36.998701095581055, 
            54.484840393066406, 
            66.39708709716797
        ], 
        "NWN": [
            38.680432128906254, 
            58.03428268432617, 
            67.41216583251953
        ], 
        "WNA": [
            11.206525325775146, 
            24.80958843231201, 
            34.35997009277344
        ]
    }, 
    "3": {
        "CNA": [
            2.0352435111999516, 
            6.74696159362793, 
            11.10014181137085
        ], 
        "ENA": [
            5.829251384735107, 
            11.989045143127441, 
            20.82179183959961
        ], 
        "NEN": [
            30.081554412841797, 
            51.11140441894531, 
            58.43987350463867
        ], 
        "NWN": [
            30.932854652404785, 
            49.69033432006836, 
            66.14552688598633
        ], 
        "WNA": [
            6.234562110900879, 
            13.009745597839355, 
            23.093388748168945
        ]
    }, 
    "4": {
        "CNA": [
            2.364856576919556, 
            3.8476855754852295, 
            7.432002258300782
        ], 
        "ENA": [
            4.696472191810608, 
            7.794630289077759, 
            15.888382339477538
        ], 
        "NEN": [
            36.82069206237793, 
            51.26544952392578, 
            58.31572647094727
        ], 
        "NWN": [
            27.93857116699219, 
            48.67495346069336, 
            56.33564758300781
        ], 
        "WNA": [
            4.544488143920899, 
            7.649258613586426, 
            17.786663055419922
        ]
    }, 
    "85_1995_2014": {
        "CNA": [
            16.5991512298584, 
            21.050125122070312, 
            27.029539489746092
        ], 
        "ENA": [
            24.13408508300781, 
            37.32212448120117, 
            45.050210571289064
        ], 
        "NEN": [
            43.703287506103514, 
            56.06160354614258, 
            68.39503707885743
        ], 
        "NWN": [
            51.84698562622071, 
            60.46675682067871, 
            76.82251129150391
        ], 
        "WNA": [
            34.62185211181641, 
            41.856815338134766, 
            54.73753814697266
        ]
    }, 
    "85_2041_2060": {
        "CNA": [
            4.406064033508301, 
            10.430760383605957, 
            14.619334602355956
        ], 
        "ENA": [
            7.360151672363282, 
            13.81715202331543, 
            23.50533332824707
        ], 
        "NEN": [
            36.51081466674805, 
            54.23944854736328, 
            62.77070236206055
        ], 
        "NWN": [
            43.84255676269532, 
            54.092891693115234, 
            62.15940933227539
        ], 
        "WNA": [
            10.272428131103515, 
            17.376392364501953, 
            30.139086532592778
        ]
    }, 
    "85_2081_2099": {
        "CNA": [
            0.06610645055770879, 
            1.7622159719467163, 
            4.357963275909424
        ], 
        "ENA": [
            0.137174229323864, 
            4.314369201660156, 
            9.805922317504884
        ], 
        "NEN": [
            26.956844329833984, 
            42.37523651123047, 
            51.282962799072266
        ], 
        "NWN": [
            22.20097408294678, 
            39.33778762817383, 
            49.55325584411621
        ], 
        "WNA": [
            0.16167647540569305, 
            2.380769968032837, 
            9.722224235534668
        ]
    }
}