{
    "1.5": {
        "EEU": [
            29.06474914550781, 
            47.19129180908203, 
            59.40007629394531
        ], 
        "MED": [
            6.599999964237213, 
            19.373732566833496, 
            44.323442459106445
        ], 
        "NEU": [
            19.630012893676756, 
            38.63235092163086, 
            61.94625549316405
        ], 
        "WCE": [
            10.092352867126465, 
            24.925992965698242, 
            35.961900329589845
        ]
    }, 
    "2": {
        "EEU": [
            28.38383445739746, 
            44.422996520996094, 
            56.34466209411622
        ], 
        "MED": [
            1.650000011920929, 
            3.9000000953674316, 
            33.718143463134766
        ], 
        "NEU": [
            28.524343299865723, 
            33.5970516204834, 
            71.88685188293461
        ], 
        "WCE": [
            4.109768390655518, 
            15.948748588562012, 
            28.071096420288086
        ]
    }, 
    "26_2041_2060": {
        "EEU": [
            31.77005271911621, 
            42.692893981933594, 
            59.01048431396484
        ], 
        "MED": [
            7.1850069046020515, 
            30.12503433227539, 
            41.53811111450196
        ], 
        "NEU": [
            22.307910919189453, 
            39.447669982910156, 
            73.61097869873048
        ], 
        "WCE": [
            9.957490921020508, 
            20.459683418273926, 
            36.01239585876465
        ]
    }, 
    "26_2081_2099": {
        "EEU": [
            28.470861434936523, 
            41.336280822753906, 
            58.79610977172851
        ], 
        "MED": [
            4.571884536743164, 
            22.85942268371582, 
            36.014352798461914
        ], 
        "NEU": [
            23.00774383544922, 
            40.22889709472656, 
            70.10244140625001
        ], 
        "WCE": [
            10.915968894958496, 
            22.155244827270508, 
            34.57369804382324
        ]
    }, 
    "3": {
        "EEU": [
            17.42905616760254, 
            31.885428428649902, 
            43.2691234588623
        ], 
        "MED": [
            0.4050000071525574, 
            3.5785253643989563, 
            22.698924636840825
        ], 
        "NEU": [
            14.522958946228028, 
            23.17595863342285, 
            51.352662658691415
        ], 
        "WCE": [
            1.114708209037781, 
            8.828303337097168, 
            16.893636322021486
        ]
    }, 
    "4": {
        "EEU": [
            7.987727117538452, 
            20.063356399536133, 
            30.46709156036377
        ], 
        "MED": [
            0.0, 
            0.0, 
            17.551815795898438
        ], 
        "NEU": [
            5.17034034729004, 
            15.674062252044678, 
            37.40331325531006
        ], 
        "WCE": [
            0.9576937556266785, 
            2.411252737045288, 
            13.23339557647705
        ]
    }, 
    "85_1995_2014": {
        "EEU": [
            42.404930114746094, 
            55.129093170166016, 
            70.24177551269531
        ], 
        "MED": [
            16.95, 
            37.91179275512695, 
            49.31728668212891
        ], 
        "NEU": [
            37.08724594116211, 
            55.545082092285156, 
            84.64787292480469
        ], 
        "WCE": [
            24.282890129089356, 
            35.41678428649902, 
            45.56379318237305
        ]
    }, 
    "85_2041_2060": {
        "EEU": [
            23.52969741821289, 
            34.99422073364258, 
            55.597816467285156
        ], 
        "MED": [
            0.8100000023841858, 
            18.46183204650879, 
            34.035240173339844
        ], 
        "NEU": [
            18.897998809814453, 
            32.72059631347656, 
            74.40164947509766
        ], 
        "WCE": [
            4.040211486816407, 
            12.088798522949219, 
            29.909001922607423
        ]
    }, 
    "85_2081_2099": {
        "EEU": [
            8.102768898010254, 
            14.204692840576172, 
            42.580726623535156
        ], 
        "MED": [
            0.0, 
            5.242493152618408, 
            15.234598159790039
        ], 
        "NEU": [
            5.021324157714844, 
            13.42016315460205, 
            45.02263641357422
        ], 
        "WCE": [
            0.5647063672542573, 
            2.689569354057312, 
            13.380510044097901
        ]
    }
}