{
    "1.5": {
        "CNA": [
            18.56153087006912, 
            29.00018873481904, 
            34.223747425101365
        ], 
        "ENA": [
            25.236296973521625, 
            36.936327655325414, 
            43.98897885526171
        ], 
        "NEN": [
            48.3541915422329, 
            64.61456050776908, 
            73.90339366943304
        ], 
        "NWN": [
            55.21039250480631, 
            68.73823175975085, 
            77.45477060781398
        ], 
        "WNA": [
            22.586276736541777, 
            41.289634717985194, 
            52.99945953174898
        ]
    }, 
    "2": {
        "CNA": [
            16.19899762009846, 
            24.480028135565135, 
            33.240986360200985
        ], 
        "ENA": [
            20.326232930724228, 
            30.33216627394252, 
            42.22179449293681
        ], 
        "NEN": [
            46.60561161511848, 
            65.37152695982577, 
            72.06552218431327
        ], 
        "NWN": [
            53.09319727370095, 
            64.04206159300102, 
            75.97983148745854
        ], 
        "WNA": [
            12.748317459602887, 
            30.598570056901217, 
            46.221419850456776
        ]
    }, 
    "26_2041_2060": {
        "CNA": [
            -99999, 
            -99999, 
            -99999
        ], 
        "ENA": [
            18.711716171037033, 
            33.47968082138316, 
            39.84315563635896
        ], 
        "NEN": [
            48.906099097572735, 
            64.42903794491025, 
            71.27586321067277
        ], 
        "NWN": [
            53.53801828957077, 
            66.82556256851741, 
            71.91627139024021
        ], 
        "WNA": [
            19.6226709190382, 
            30.237404133612152, 
            43.3444683145254
        ]
    }, 
    "26_2081_2099": {
        "CNA": [
            -99999, 
            -99999, 
            -99999
        ], 
        "ENA": [
            18.32456920485334, 
            31.767974716403806, 
            43.10387404050362
        ], 
        "NEN": [
            48.87161909329228, 
            61.14017992937028, 
            71.14838055243101
        ], 
        "NWN": [
            48.63396633861258, 
            62.282991605776516, 
            71.14243912499671
        ], 
        "WNA": [
            16.763186713795506, 
            32.40584369097186, 
            43.750574501089474
        ]
    }, 
    "3": {
        "CNA": [
            -99999, 
            -99999, 
            -99999
        ], 
        "ENA": [
            9.867387013990049, 
            20.40310191563274, 
            26.470673749942804
        ], 
        "NEN": [
            38.932329871905374, 
            54.492645459994, 
            67.52900744344419
        ], 
        "NWN": [
            39.10342830441219, 
            57.171457391059576, 
            69.50546186789997
        ], 
        "WNA": [
            8.787681516900719, 
            17.081468596798032, 
            31.367627334277046
        ]
    }, 
    "4": {
        "CNA": [
            -99999, 
            -99999, 
            -99999
        ], 
        "ENA": [
            8.91449537785751, 
            10.969163868243877, 
            19.99429491772977
        ], 
        "NEN": [
            40.53630163252156, 
            57.79212500802411, 
            64.98578067381189
        ], 
        "NWN": [
            33.39500562448252, 
            53.457543031075765, 
            58.824122935102764
        ], 
        "WNA": [
            6.884438390585085, 
            10.507014528430515, 
            25.49394248519076
        ]
    }, 
    "85_1995_2014": {
        "CNA": [
            -99999, 
            -99999, 
            -99999
        ], 
        "ENA": [
            39.100975811066114, 
            47.06843349496446, 
            55.13736967901143
        ], 
        "NEN": [
            55.29456506895086, 
            65.1065076882571, 
            77.0226448404141
        ], 
        "NWN": [
            62.71734961176895, 
            71.69211421852108, 
            83.2865757908703
        ], 
        "WNA": [
            46.026781118552776, 
            52.58297997430883, 
            67.60075846131292
        ]
    }, 
    "85_2041_2060": {
        "CNA": [
            -99999, 
            -99999, 
            -99999
        ], 
        "ENA": [
            11.855641995735946, 
            23.055283481515456, 
            30.424913594187146
        ], 
        "NEN": [
            46.50904876817967, 
            57.8537181043866, 
            69.64394940717506
        ], 
        "NWN": [
            52.74973808833467, 
            59.00017811074446, 
            69.59335282055827
        ], 
        "WNA": [
            14.041271993417585, 
            21.789932080390585, 
            38.51529104768615
        ]
    }, 
    "85_2081_2099": {
        "CNA": [
            -99999, 
            -99999, 
            -99999
        ], 
        "ENA": [
            1.5398226342801746, 
            6.055020263190142, 
            15.745402218829053
        ], 
        "NEN": [
            31.46261715291501, 
            44.918753030749926, 
            52.648031930879384
        ], 
        "NWN": [
            24.8485388693965, 
            40.82196316595143, 
            53.24084169379596
        ], 
        "WNA": [
            0.24773637092612247, 
            3.4070896583815506, 
            13.361927041346597
        ]
    }
}