{
    "1.5": {
        "EEU": [
            37.69309271027046, 
            51.16505848381004, 
            64.60381099712995
        ], 
        "MED": [
            25.249438694856476, 
            36.654999543036695, 
            46.87413658327418
        ], 
        "NEU": [
            31.152163988075166, 
            48.68678578514226, 
            72.58920274359733
        ], 
        "WCE": [
            22.894907205417006, 
            30.950891307924103, 
            46.98167863297412
        ]
    }, 
    "2": {
        "EEU": [
            27.738546501351895, 
            40.21878719806882, 
            53.6024848531712
        ], 
        "MED": [
            28.02819393722137, 
            36.767836055122025, 
            50.700955270094305
        ], 
        "NEU": [
            34.35604983372661, 
            41.535299859742814, 
            62.28642593251267
        ], 
        "WCE": [
            15.316884225698676, 
            24.49349536000308, 
            38.086311276563634
        ]
    }, 
    "26_2041_2060": {
        "EEU": [
            25.164630390933674, 
            46.62559142250703, 
            60.604848748562304
        ], 
        "MED": [
            28.041624455833393, 
            34.67328572248093, 
            41.52026369050659
        ], 
        "NEU": [
            29.165512339859546, 
            48.17843024595174, 
            61.35847708194514
        ], 
        "WCE": [
            16.121104681707273, 
            26.861027984995594, 
            41.78079627923098
        ]
    }, 
    "26_2081_2099": {
        "EEU": [
            25.703339824486164, 
            40.665957335367274, 
            59.21203875624988
        ], 
        "MED": [
            24.15263759942169, 
            37.576857218148504, 
            42.93020769731995
        ], 
        "NEU": [
            29.249307050008674, 
            45.98007799428724, 
            60.836067582662835
        ], 
        "WCE": [
            11.95212241492886, 
            30.078089714050297, 
            42.03811340891886
        ]
    }, 
    "3": {
        "EEU": [
            22.83754876124355, 
            29.13907300700747, 
            47.956759924609344
        ], 
        "MED": [
            14.471236156728661, 
            18.71875, 
            24.756905407325426
        ], 
        "NEU": [
            17.69232981036201, 
            29.977793495145892, 
            48.35742901261709
        ], 
        "WCE": [
            5.350395730450778, 
            12.348474070100721, 
            26.31174060529542
        ]
    }, 
    "4": {
        "EEU": [
            10.248291556518382, 
            17.912682131957553, 
            31.292198480887002
        ], 
        "MED": [
            5.04607776748244, 
            15.809957468783047, 
            18.59436433389638
        ], 
        "NEU": [
            11.55521471522787, 
            20.589524794199228, 
            34.772262117276256
        ], 
        "WCE": [
            2.8207901246175284, 
            6.539392740890496, 
            16.948590019048805
        ]
    }, 
    "85_1995_2014": {
        "EEU": [
            41.770950807583304, 
            57.99577903997424, 
            67.42736245750172
        ], 
        "MED": [
            42.12686791289255, 
            56.847369934713036, 
            60.031628270771726
        ], 
        "NEU": [
            47.73450473034403, 
            57.650070599051965, 
            73.27759464993245
        ], 
        "WCE": [
            34.135971701731876, 
            43.402630289712754, 
            49.558625424320105
        ]
    }, 
    "85_2041_2060": {
        "EEU": [
            20.442678260968627, 
            35.63810930811902, 
            51.07237576118153
        ], 
        "MED": [
            19.45058268531174, 
            24.53131560097466, 
            35.64684746630504
        ], 
        "NEU": [
            21.655873877849523, 
            41.26449317818766, 
            49.33474863819509
        ], 
        "WCE": [
            9.046893642447767, 
            14.938405559608862, 
            29.057382456939944
        ]
    }, 
    "85_2081_2099": {
        "EEU": [
            2.4531899643835673, 
            16.4265622968075, 
            36.809878852776244
        ], 
        "MED": [
            1.0763689989518708, 
            7.964337864621776, 
            10.091272733427829
        ], 
        "NEU": [
            2.586257290351336, 
            14.384093083237547, 
            27.999313234157114
        ], 
        "WCE": [
            0.2957444926599051, 
            3.8488037721360646, 
            10.13919927794865
        ]
    }
}