{
    "1.5": {
        "CNA": [
            6.259263896942139, 
            22.572718620300293, 
            27.334939575195314
        ], 
        "ENA": [
            20.252323341369628, 
            34.1786527633667, 
            66.02907333374023
        ], 
        "NEN": [
            54.025912094116215, 
            65.68319320678711, 
            89.92745742797851
        ], 
        "NWN": [
            48.942138290405275, 
            64.19979286193848, 
            95.0553840637207
        ], 
        "WNA": [
            40.63407554626465, 
            49.60554885864258, 
            77.20083999633789
        ]
    }, 
    "2": {
        "CNA": [
            10.977347373962402, 
            23.226780891418457, 
            33.85978412628174
        ], 
        "ENA": [
            19.926929473876953, 
            45.29161834716797, 
            66.72415161132812
        ], 
        "NEN": [
            53.53274345397949, 
            76.46303939819336, 
            93.97840881347656
        ], 
        "NWN": [
            46.46673774719238, 
            76.0559139251709, 
            97.00194931030273
        ], 
        "WNA": [
            37.67702293395996, 
            62.762582778930664, 
            75.755615234375
        ]
    }, 
    "26_2041_2060": {
        "CNA": [
            11.727612113952636, 
            12.039294242858887, 
            26.99610347747803
        ], 
        "ENA": [
            17.463176345825197, 
            21.820322036743164, 
            27.705783462524415
        ], 
        "NEN": [
            56.96389541625977, 
            58.82634353637695, 
            64.76887588500976
        ], 
        "NWN": [
            46.77828369140625, 
            51.888458251953125, 
            64.284423828125
        ], 
        "WNA": [
            38.54524612426758, 
            46.44485855102539, 
            53.99255142211914
        ]
    }, 
    "26_2081_209*": {
        "CNA": [
            11.920518684387208, 
            15.594620704650879, 
            22.474463081359865
        ], 
        "ENA": [
            20.459365081787112, 
            24.530582427978516, 
            37.20481643676758
        ], 
        "NEN": [
            56.35833587646485, 
            58.49217987060547, 
            62.813218688964845
        ], 
        "NWN": [
            47.44482498168946, 
            49.65388870239258, 
            62.793296051025386
        ], 
        "WNA": [
            39.73879547119141, 
            41.257713317871094, 
            45.608421325683594
        ]
    }, 
    "3": {
        "CNA": [
            8.865609407424927, 
            18.58609390258789, 
            26.653515815734863
        ], 
        "ENA": [
            10.827549934387207, 
            37.20842266082764, 
            58.33697700500488
        ], 
        "NEN": [
            50.615129470825195, 
            73.82870101928711, 
            90.73868942260742
        ], 
        "NWN": [
            42.041500091552734, 
            71.76415252685547, 
            96.68900680541992
        ], 
        "WNA": [
            23.659143447875977, 
            43.71914863586426, 
            64.91756248474121
        ]
    }, 
    "4": {
        "CNA": [
            5.351291465759277, 
            11.476622819900513, 
            16.91074409484863
        ], 
        "ENA": [
            7.582928562164307, 
            31.08437728881836, 
            49.33425521850586
        ], 
        "NEN": [
            46.25755844116211, 
            69.09700012207031, 
            84.7244743347168
        ], 
        "NWN": [
            39.50344963073731, 
            65.20970726013184, 
            89.11311187744141
        ], 
        "WNA": [
            17.744762325286864, 
            37.39022159576416, 
            52.738264083862305
        ]
    }, 
    "85_1995_2014": {
        "CNA": [
            15.535911560058594, 
            27.637782096862793, 
            36.53769874572754
        ], 
        "ENA": [
            32.362610816955566, 
            54.055253982543945, 
            67.42026901245117
        ], 
        "NEN": [
            56.84660530090332, 
            77.81961822509766, 
            89.9656982421875
        ], 
        "NWN": [
            54.25272750854492, 
            78.00954055786133, 
            94.95618057250977
        ], 
        "WNA": [
            50.69754981994629, 
            71.64620399475098, 
            83.9444351196289
        ]
    }, 
    "85_2041_2060": {
        "CNA": [
            11.59977126121521, 
            20.455121994018555, 
            34.49959850311279
        ], 
        "ENA": [
            17.99755334854126, 
            43.84031867980957, 
            61.08830261230469
        ], 
        "NEN": [
            51.985361099243164, 
            74.13863945007324, 
            93.6182632446289
        ], 
        "NWN": [
            43.53201866149902, 
            71.89813613891602, 
            97.30389404296875
        ], 
        "WNA": [
            30.993499755859375, 
            49.14448928833008, 
            70.03716278076172
        ]
    }, 
    "85_2081_209*": {
        "CNA": [
            1.8505353927612305, 
            13.295961141586304, 
            19.628010749816895
        ], 
        "ENA": [
            3.6099504828453064, 
            26.754595279693604, 
            44.1224422454834
        ], 
        "NEN": [
            41.99605751037598, 
            63.36195945739746, 
            84.75091552734375
        ], 
        "NWN": [
            35.2639856338501, 
            59.86254692077637, 
            91.75666809082031
        ], 
        "WNA": [
            14.37528944015503, 
            29.77374267578125, 
            57.04850387573242
        ]
    }
}