{
    "1.5": {
        "CNA": [
            -99999, 
            -99999, 
            -99999
        ], 
        "ENA": [
            27.603477319844792, 
            44.66720795539129, 
            74.85863012853076
        ], 
        "NEN": [
            60.375700362794404, 
            67.50158657356361, 
            93.31584038585767
        ], 
        "NWN": [
            60.030019790388614, 
            70.39797353644269, 
            99.87810369040272
        ], 
        "WNA": [
            51.06927695390041, 
            58.415697694808195, 
            85.73738704028978
        ]
    }, 
    "2": {
        "CNA": [
            -99999, 
            -99999, 
            -99999
        ], 
        "ENA": [
            28.328079974981485, 
            56.11301598339199, 
            76.03763419059165
        ], 
        "NEN": [
            59.164354518960465, 
            78.28439669021868, 
            96.49397804077205
        ], 
        "NWN": [
            57.57308301541086, 
            80.76016678316142, 
            101.09490279685437
        ], 
        "WNA": [
            48.26600600962861, 
            71.29230152693798, 
            84.10072476140111
        ]
    }, 
    "26_2041_2060": {
        "CNA": [
            -99999, 
            -99999, 
            -99999
        ], 
        "ENA": [
            -99999, 
            -99999, 
            -99999
        ], 
        "NEN": [
            -99999, 
            -99999, 
            -99999
        ], 
        "NWN": [
            -99999, 
            -99999, 
            -99999
        ], 
        "WNA": [
            -99999, 
            -99999, 
            -99999
        ]
    }, 
    "26_2081_209*": {
        "CNA": [
            -99999, 
            -99999, 
            -99999
        ], 
        "ENA": [
            -99999, 
            -99999, 
            -99999
        ], 
        "NEN": [
            -99999, 
            -99999, 
            -99999
        ], 
        "NWN": [
            -99999, 
            -99999, 
            -99999
        ], 
        "WNA": [
            -99999, 
            -99999, 
            -99999
        ]
    }, 
    "3": {
        "CNA": [
            -99999, 
            -99999, 
            -99999
        ], 
        "ENA": [
            16.558081371293376, 
            46.757453341875355, 
            66.90110008155253
        ], 
        "NEN": [
            55.81191692001482, 
            75.47765769944343, 
            93.44698529285978
        ], 
        "NWN": [
            51.44978136878802, 
            76.19610980991322, 
            100.94711298246428
        ], 
        "WNA": [
            30.958330314953976, 
            50.607812768336615, 
            72.31924315500098
        ]
    }, 
    "4": {
        "CNA": [
            -99999, 
            -99999, 
            -99999
        ], 
        "ENA": [
            -99999, 
            -99999, 
            -99999
        ], 
        "NEN": [
            -99999, 
            -99999, 
            -99999
        ], 
        "NWN": [
            -99999, 
            -99999, 
            -99999
        ], 
        "WNA": [
            -99999, 
            -99999, 
            -99999
        ]
    }, 
    "85_1995_2014": {
        "CNA": [
            -99999, 
            -99999, 
            -99999
        ], 
        "ENA": [
            46.3438098294416, 
            64.38861402614594, 
            76.58947698687999
        ], 
        "NEN": [
            63.545608296168794, 
            80.07159914383165, 
            92.48983135931655
        ], 
        "NWN": [
            66.73943670117242, 
            82.94639504790294, 
            99.32461922733737
        ], 
        "WNA": [
            62.414733599902505, 
            80.74921054178446, 
            91.58485877730165
        ]
    }, 
    "85_2041_2060": {
        "CNA": [
            -99999, 
            -99999, 
            -99999
        ], 
        "ENA": [
            26.392210697165943, 
            53.64489847199447, 
            70.16523383631656
        ], 
        "NEN": [
            57.54662448307222, 
            75.96658623367142, 
            96.1787597251528
        ], 
        "NWN": [
            54.196286425132854, 
            76.56853343333461, 
            101.42531680579073
        ], 
        "WNA": [
            39.43701533075848, 
            57.39400781209639, 
            77.64056583106222
        ]
    }, 
    "85_2081_209*": {
        "CNA": [
            -99999, 
            -99999, 
            -99999
        ], 
        "ENA": [
            5.480635276251155, 
            33.073202352572395, 
            51.87996637931034
        ], 
        "NEN": [
            43.90423387977194, 
            67.0248785857888, 
            87.30791074758105
        ], 
        "NWN": [
            40.43884975886275, 
            64.59348270408715, 
            95.68528168629365
        ], 
        "WNA": [
            18.99504566479481, 
            34.67157483202411, 
            63.718460096120275
        ]
    }
}