{
    "1.5": {
        "CNA": [
            34.68345271301798, 
            37.48121942286579, 
            42.46351360677434
        ], 
        "ENA": [
            27.603477319844792, 
            44.66720795539129, 
            74.85863012853076
        ], 
        "NCA": [
            20.838806435230826, 
            31.397805674689273, 
            32.75536930437386
        ], 
        "NEN": [
            60.375700362794404, 
            67.50158657356361, 
            93.31584038585767
        ], 
        "NWN": [
            60.030019790388614, 
            70.39797353644269, 
            99.87810369040272
        ], 
        "WNA": [
            51.06927695390041, 
            58.415697694808195, 
            85.73738704028978
        ]
    }, 
    "2": {
        "CNA": [
            34.888144446851186, 
            40.26270256408935, 
            49.53768503494601
        ], 
        "ENA": [
            28.328079974981485, 
            56.11301598339199, 
            76.03763419059165
        ], 
        "NCA": [
            17.153995674048705, 
            22.92843454788045, 
            24.805459248443277
        ], 
        "NEN": [
            59.164354518960465, 
            78.28439669021868, 
            96.49397804077205
        ], 
        "NWN": [
            57.57308301541086, 
            80.76016678316142, 
            101.09490279685437
        ], 
        "WNA": [
            48.26600600962861, 
            71.29230152693798, 
            84.10072476140111
        ]
    }, 
    "26_2041_2060": {
        "CNA": [
            -99999, 
            -99999, 
            -99999
        ], 
        "ENA": [
            26.98157761024386, 
            29.02105425151723, 
            36.115078263643724
        ], 
        "NCA": [
            -99999, 
            -99999, 
            -99999
        ], 
        "NEN": [
            62.24875558514085, 
            65.0421276940075, 
            66.9646695300131
        ], 
        "NWN": [
            57.826772668646356, 
            63.268287426734304, 
            71.19831115308845
        ], 
        "WNA": [
            48.580768815525836, 
            57.64074140033193, 
            63.990421510315386
        ]
    }, 
    "26_2081_209*": {
        "CNA": [
            -99999, 
            -99999, 
            -99999
        ], 
        "ENA": [
            30.091765671882676, 
            38.456698607390045, 
            49.15909364015692
        ], 
        "NCA": [
            -99999, 
            -99999, 
            -99999
        ], 
        "NEN": [
            61.757817518445826, 
            64.2124420006201, 
            65.07687730789199
        ], 
        "NWN": [
            58.167023622961516, 
            60.45572103500628, 
            69.78066344949947
        ], 
        "WNA": [
            50.91682339287217, 
            52.31362625192496, 
            54.695552506030694
        ]
    }, 
    "3": {
        "CNA": [
            27.244752116907677, 
            38.200186061610886, 
            40.725163238633385
        ], 
        "ENA": [
            16.558081371293376, 
            46.757453341875355, 
            66.90110008155253
        ], 
        "NCA": [
            7.9549677655985445, 
            9.44589900970459, 
            13.237968539508982
        ], 
        "NEN": [
            55.81191692001482, 
            75.47765769944343, 
            93.44698529285978
        ], 
        "NWN": [
            51.44978136878802, 
            76.19610980991322, 
            100.94711298246428
        ], 
        "WNA": [
            30.958330314953976, 
            50.607812768336615, 
            72.31924315500098
        ]
    }, 
    "4": {
        "CNA": [
            12.68251363461653, 
            24.816393367597836, 
            28.26584655842955
        ], 
        "ENA": [
            10.972041857840368, 
            38.19645965135493, 
            57.0261327854453
        ], 
        "NCA": [
            -99999, 
            -99999, 
            -99999
        ], 
        "NEN": [
            49.30836488155754, 
            70.53253772253584, 
            86.30676867281102
        ], 
        "NWN": [
            46.03647065587966, 
            69.0516555999592, 
            91.48954317602866
        ], 
        "WNA": [
            22.86836271620736, 
            43.358414598730484, 
            59.19054488515562
        ]
    }, 
    "85_1995_2014": {
        "CNA": [
            42.65841511394092, 
            44.701734751244885, 
            50.61927568313362
        ], 
        "ENA": [
            46.3438098294416, 
            64.38861402614594, 
            76.58947698687999
        ], 
        "NCA": [
            32.55335566615105, 
            42.03926215643881, 
            52.843251346814476
        ], 
        "NEN": [
            63.545608296168794, 
            80.07159914383165, 
            92.48983135931655
        ], 
        "NWN": [
            66.73943670117242, 
            82.94639504790294, 
            99.32461922733737
        ], 
        "WNA": [
            62.414733599902505, 
            80.74921054178446, 
            91.58485877730165
        ]
    }, 
    "85_2041_2060": {
        "CNA": [
            29.466131944933387, 
            38.47635893270463, 
            51.99324211640895
        ], 
        "ENA": [
            26.392210697165943, 
            53.64489847199447, 
            70.16523383631656
        ], 
        "NCA": [
            13.982071379946502, 
            14.769647598266602, 
            19.927962712214587
        ], 
        "NEN": [
            57.54662448307222, 
            75.96658623367142, 
            96.1787597251528
        ], 
        "NWN": [
            54.196286425132854, 
            76.56853343333461, 
            101.42531680579073
        ], 
        "WNA": [
            39.43701533075848, 
            57.39400781209639, 
            77.64056583106222
        ]
    }, 
    "85_2081_209*": {
        "CNA": [
            16.08981689637175, 
            30.86224942169821, 
            36.37474502649261
        ], 
        "ENA": [
            5.480635276251155, 
            33.073202352572395, 
            51.87996637931034
        ], 
        "NCA": [
            2.3067588419767904, 
            3.3085153555138347, 
            6.7282137859632964
        ], 
        "NEN": [
            43.90423387977194, 
            67.0248785857888, 
            87.30791074758105
        ], 
        "NWN": [
            40.43884975886275, 
            64.59348270408715, 
            95.68528168629365
        ], 
        "WNA": [
            18.99504566479481, 
            34.67157483202411, 
            63.718460096120275
        ]
    }
}