{
    "1.5": {
        "EEU": [
            26.835104560852052, 
            45.20551300048828, 
            56.95403709411622
        ], 
        "MED": [
            14.894540309906006, 
            26.565640449523926, 
            35.088478088378906
        ], 
        "NEU": [
            20.887250709533692, 
            44.29903602600098, 
            69.59732437133789
        ], 
        "WCE": [
            11.66635112762451, 
            21.277721405029297, 
            33.1992904663086
        ]
    }, 
    "2": {
        "EEU": [
            17.98670196533203, 
            32.339561462402344, 
            48.4972038269043
        ], 
        "MED": [
            13.657320976257324, 
            24.5916748046875, 
            32.448585510253906
        ], 
        "NEU": [
            18.993233108520506, 
            36.9843635559082, 
            59.258329772949224
        ], 
        "WCE": [
            9.685757637023926, 
            16.10405921936035, 
            28.782371520996094
        ]
    }, 
    "26_2041_2060": {
        "EEU": [
            16.69822120666504, 
            38.60061454772949, 
            54.64347839355469
        ], 
        "MED": [
            9.190814065933228, 
            23.837620735168457, 
            30.50807151794433
        ], 
        "NEU": [
            20.31632423400879, 
            43.169227600097656, 
            56.667917633056646
        ], 
        "WCE": [
            9.570310115814209, 
            16.690598964691162, 
            28.199851989746094
        ]
    }, 
    "26_2081_2099": {
        "EEU": [
            16.354263305664062, 
            34.85272407531738, 
            52.33582878112793
        ], 
        "MED": [
            12.452459621429444, 
            22.469396591186523, 
            34.54301300048828
        ], 
        "NEU": [
            21.250873184204103, 
            36.259212493896484, 
            57.79232482910156
        ], 
        "WCE": [
            7.8239288330078125, 
            18.31913471221924, 
            32.15236473083496
        ]
    }, 
    "3": {
        "EEU": [
            15.640119171142578, 
            26.30370330810547, 
            41.881430816650386
        ], 
        "MED": [
            4.555408954620361, 
            12.25, 
            16.134086227416994
        ], 
        "NEU": [
            7.678166627883911, 
            26.99559211730957, 
            40.93050765991211
        ], 
        "WCE": [
            2.929402208328247, 
            6.278022766113281, 
            16.429673385620116
        ]
    }, 
    "4": {
        "EEU": [
            6.84113826751709, 
            14.618966102600098, 
            26.446734046936037
        ], 
        "MED": [
            0.7055296659469605, 
            8.165794134140015, 
            11.18426580429077
        ], 
        "NEU": [
            5.470009231567383, 
            18.592618942260742, 
            30.214186096191412
        ], 
        "WCE": [
            1.154059147834778, 
            3.2211296558380127, 
            8.925645637512208
        ]
    }, 
    "85_1995_2014": {
        "EEU": [
            31.00142822265625, 
            51.83910369873047, 
            59.56420745849609
        ], 
        "MED": [
            22.71086311340332, 
            40.08186340332031, 
            48.90513610839844
        ], 
        "NEU": [
            35.118994522094724, 
            52.687856674194336, 
            67.0161033630371
        ], 
        "WCE": [
            21.884220123291016, 
            27.963836669921875, 
            39.471588134765625
        ]
    }, 
    "85_2041_2060": {
        "EEU": [
            15.194938850402831, 
            26.806262969970703, 
            46.08651962280274
        ], 
        "MED": [
            7.081968784332275, 
            16.015281677246094, 
            31.79008674621582
        ], 
        "NEU": [
            18.314405632019042, 
            34.408538818359375, 
            47.123497772216794
        ], 
        "WCE": [
            6.339293384552002, 
            10.895315170288086, 
            18.91149826049805
        ]
    }, 
    "85_2081_2099": {
        "EEU": [
            1.3960339784622193, 
            10.049312591552734, 
            31.242781829833987
        ], 
        "MED": [
            0.5469609498977661, 
            2.1126418113708496, 
            8.010773658752441
        ], 
        "NEU": [
            1.181698489189148, 
            12.940186023712158, 
            24.257531166076664
        ], 
        "WCE": [
            0.04927745461463928, 
            2.2601852416992188, 
            7.554927539825439
        ]
    }
}