{
    "1.5": {
        "CNA": [
            5.424317037128855, 
            18.308110419666228, 
            26.258194595748378
        ], 
        "ENA": [
            20.272837795277276, 
            26.963796130800255, 
            36.39024617204124
        ], 
        "NCA": [
            -99999, 
            -99999, 
            -99999
        ], 
        "NEN": [
            42.0904016035864, 
            52.30166030241548, 
            66.11083655528164
        ], 
        "NWN": [
            50.3260141660252, 
            58.817994605633665, 
            68.27322440333089
        ], 
        "WNA": [
            12.799053240889737, 
            24.046083797232985, 
            37.82557370606318
        ]
    }, 
    "2": {
        "CNA": [
            6.364510893821716, 
            13.873616342144645, 
            22.24796657562256
        ], 
        "ENA": [
            16.50443458374937, 
            21.524748878368506, 
            28.496874023503256
        ], 
        "NCA": [
            -99999, 
            -99999, 
            -99999
        ], 
        "NEN": [
            44.993927690298904, 
            50.695616653131054, 
            65.6565067918943
        ], 
        "NWN": [
            48.763434456717576, 
            55.322411976811864, 
            64.59027134577528
        ], 
        "WNA": [
            4.398543633359418, 
            20.866108241818587, 
            33.31972039228019
        ]
    }, 
    "26_2041_2060": {
        "CNA": [
            9.327161243669831, 
            15.911744117736816, 
            23.1557663881555
        ], 
        "ENA": [
            16.887147922098386, 
            27.399960369611545, 
            37.673094290231546
        ], 
        "NCA": [
            -99999, 
            -99999, 
            -99999
        ], 
        "NEN": [
            42.49608080433683, 
            53.501635095407586, 
            72.27266339287375
        ], 
        "NWN": [
            48.435235650288185, 
            57.369484147878325, 
            69.76323967555801
        ], 
        "WNA": [
            5.212817603735234, 
            23.565755803830555, 
            36.94447567617817
        ]
    }, 
    "26_2081_2099": {
        "CNA": [
            7.79919256805065, 
            13.52603168103714, 
            28.277044677734377
        ], 
        "ENA": [
            16.19425121033532, 
            25.880286851219, 
            35.788961061717075
        ], 
        "NCA": [
            -99999, 
            -99999, 
            -99999
        ], 
        "NEN": [
            41.40288039414456, 
            51.124545927087745, 
            71.09157042659433
        ], 
        "NWN": [
            49.36044624037733, 
            56.42851042548023, 
            66.04617312345188
        ], 
        "WNA": [
            2.601224588255866, 
            20.69944813522338, 
            36.151762302954566
        ]
    }, 
    "3": {
        "CNA": [
            1.6688032566673343, 
            5.67854394080666, 
            15.568183803558345
        ], 
        "ENA": [
            9.038115026878735, 
            13.279602391780319, 
            25.182402941890828
        ], 
        "NCA": [
            -99999, 
            -99999, 
            -99999
        ], 
        "NEN": [
            39.90550948151303, 
            45.57763185292696, 
            59.62139224188439
        ], 
        "NWN": [
            41.66342864001207, 
            49.069413057273835, 
            55.34725701636032
        ], 
        "WNA": [
            0.6698378464530745, 
            8.192889229577965, 
            16.905751621953122
        ]
    }, 
    "4": {
        "CNA": [
            0.7699820232800738, 
            2.090950947388697, 
            5.8030794858932495
        ], 
        "ENA": [
            2.6353564852529505, 
            7.803788263387687, 
            13.315834577784642
        ], 
        "NCA": [
            -99999, 
            -99999, 
            -99999
        ], 
        "NEN": [
            32.83739597760627, 
            39.96003053058551, 
            49.906637084162924
        ], 
        "NWN": [
            29.065471230413127, 
            39.215031534984064, 
            45.13777351094933
        ], 
        "WNA": [
            0.030313766219459304, 
            3.6774993605858337, 
            5.671099430745858
        ]
    }, 
    "85_1995_2014": {
        "CNA": [
            17.497675157986507, 
            25.340611095748645, 
            33.92317751443496
        ], 
        "ENA": [
            28.329173182820252, 
            33.86711863341066, 
            49.39030906150725
        ], 
        "NCA": [
            -99999, 
            -99999, 
            -99999
        ], 
        "NEN": [
            43.63908598890559, 
            56.274516487890146, 
            73.18057578475936
        ], 
        "NWN": [
            56.45126277126191, 
            61.66005784658904, 
            75.58741078892666
        ], 
        "WNA": [
            30.003338171524046, 
            35.443733513032754, 
            47.42770099317616
        ]
    }, 
    "85_2041_2060": {
        "CNA": [
            3.3016459116402976, 
            8.394158363342285, 
            22.832567596435545
        ], 
        "ENA": [
            10.735510003214701, 
            21.268861768355624, 
            34.199462604722164
        ], 
        "NCA": [
            -99999, 
            -99999, 
            -99999
        ], 
        "NEN": [
            40.776836730111626, 
            49.77673159322714, 
            66.87957332516238
        ], 
        "NWN": [
            44.029384718157075, 
            51.959912385341006, 
            60.58573588423779
        ], 
        "WNA": [
            0.8698278792192359, 
            14.210772489339881, 
            34.16592779374047
        ]
    }, 
    "85_2081_2099": {
        "CNA": [
            0.21738187361637923, 
            4.588393211364746, 
            15.392001813148777
        ], 
        "ENA": [
            0.698326884572201, 
            7.284099516965168, 
            17.410766353637005
        ], 
        "NCA": [
            -99999, 
            -99999, 
            -99999
        ], 
        "NEN": [
            25.817443747583617, 
            42.05705870773459, 
            60.392484262421604
        ], 
        "NWN": [
            26.31422946840488, 
            38.12018201333932, 
            49.27939716615614
        ], 
        "WNA": [
            0.02169293217815545, 
            2.2429231085671413, 
            15.242407475796902
        ]
    }
}