{
    "1.5": {
        "CNA": [
            7.331519293785094, 
            9.93591228105144, 
            24.1945987860828
        ], 
        "ENA": [
            14.365714674114052, 
            27.35261828559714, 
            33.515884908150824
        ], 
        "NEN": [
            38.36010919085041, 
            56.89781666484423, 
            69.9322316095299
        ], 
        "NWN": [
            41.49514374631042, 
            56.71695589671633, 
            71.04220484052675
        ], 
        "WNA": [
            16.93943050627196, 
            29.555153567416777, 
            43.215221116072364
        ]
    }, 
    "2": {
        "CNA": [
            4.997843408584595, 
            12.169615106420276, 
            18.537589445525654
        ], 
        "ENA": [
            12.079238497514115, 
            20.251191397686426, 
            28.175756434778513
        ], 
        "NEN": [
            36.40206420538743, 
            56.399988845635455, 
            66.7833927371854
        ], 
        "NWN": [
            41.83165435733387, 
            54.31992439247105, 
            68.36469853536481
        ], 
        "WNA": [
            12.006969678280585, 
            20.948335097572016, 
            35.898703111681286
        ]
    }, 
    "26_2041_2060": {
        "CNA": [
            2.757571099548773, 
            10.345641120330548, 
            16.582206466834553
        ], 
        "ENA": [
            9.573429759229112, 
            25.23890904034789, 
            29.433169556209357
        ], 
        "NEN": [
            37.90429082747025, 
            56.35566217800074, 
            65.83684345915209
        ], 
        "NWN": [
            42.86475350497824, 
            57.1099330553482, 
            64.05437453826215
        ], 
        "WNA": [
            13.492338085356476, 
            21.37565696817875, 
            33.46704886617164
        ]
    }, 
    "26_2081_2099": {
        "CNA": [
            8.356475683115274, 
            11.373356191496033, 
            20.56018928019595
        ], 
        "ENA": [
            8.864978905594871, 
            21.590809646722978, 
            33.22816698077222
        ], 
        "NEN": [
            37.269431386246055, 
            53.786839979124544, 
            66.20862260406787
        ], 
        "NWN": [
            39.11865855079252, 
            54.584776106104016, 
            65.18792924653799
        ], 
        "WNA": [
            11.07782007913617, 
            24.809587521812766, 
            34.31639040180754
        ]
    }, 
    "3": {
        "CNA": [
            2.0352435002709903, 
            6.746961745350681, 
            11.100141788713312
        ], 
        "ENA": [
            5.947599134916269, 
            11.771213830331407, 
            20.415765386214165
        ], 
        "NEN": [
            30.956098770037492, 
            50.03273521584048, 
            59.30852481409396
        ], 
        "NWN": [
            31.98137674063569, 
            48.205577326180915, 
            63.618603358311454
        ], 
        "WNA": [
            6.234561464829126, 
            13.009746535039712, 
            22.982619814523684
        ]
    }, 
    "4": {
        "CNA": [
            2.3648564336555307, 
            3.8476853333443977, 
            7.4320024614531555
        ], 
        "ENA": [
            4.696472120069869, 
            7.736757360219466, 
            15.279320644242258
        ], 
        "NEN": [
            34.741189201670515, 
            51.855731480319804, 
            56.4411286649363
        ], 
        "NWN": [
            27.406169208149255, 
            47.13436209309114, 
            53.02087837045626
        ], 
        "WNA": [
            4.443205843355442, 
            7.4663526894826004, 
            17.773707664245443
        ]
    }, 
    "85_1995_2014": {
        "CNA": [
            16.599151265195903, 
            21.050124525470906, 
            27.029538093890636
        ], 
        "ENA": [
            24.89616826270467, 
            37.63638748314421, 
            44.96444252104258
        ], 
        "NEN": [
            42.827817948726626, 
            56.10835298905156, 
            67.69650597672451
        ], 
        "NWN": [
            51.43324448413007, 
            59.014657667292994, 
            75.70994051031781
        ], 
        "WNA": [
            34.940211890519706, 
            41.47482574023215, 
            54.58123866452648
        ]
    }, 
    "85_2041_2060": {
        "CNA": [
            4.406064081192017, 
            10.43075927799812, 
            14.61933572746063
        ], 
        "ENA": [
            7.175633280255263, 
            13.692331000013164, 
            22.813465074099128
        ], 
        "NEN": [
            36.746213230651364, 
            53.39952653346307, 
            62.56832395714004
        ], 
        "NWN": [
            43.42165468440422, 
            51.86746051114032, 
            59.9862211318832
        ], 
        "WNA": [
            10.20085111564881, 
            17.115918456412896, 
            30.09898541739431
        ]
    }, 
    "85_2081_2099": {
        "CNA": [
            0.06610645055770879, 
            1.7622161754398986, 
            4.357963759157345
        ], 
        "ENA": [
            0.13593713351903208, 
            4.1202331231416025, 
            9.8277358777056
        ], 
        "NEN": [
            27.026730652254543, 
            40.087101787487725, 
            49.00318844687581
        ], 
        "NWN": [
            21.391885801562594, 
            36.16664733688418, 
            46.4579885637172
        ], 
        "WNA": [
            0.15508873451734884, 
            2.3807698750516932, 
            9.722224540598292
        ]
    }
}