{
    "15": {
        "EEU": [
            42.37708587646484, 
            57.71462631225586, 
            69.18759460449219
        ], 
        "MED": [
            29.23789710998535, 
            38.080223083496094, 
            45.2699462890625
        ], 
        "NEU": [
            43.46805343627929, 
            60.813232421875, 
            75.52224731445312
        ], 
        "WCE": [
            31.69398765563965, 
            38.43955993652344, 
            48.011888885498045
        ]
    }, 
    "2": {
        "EEU": [
            34.97771682739258, 
            51.100399017333984, 
            65.75283813476562
        ], 
        "MED": [
            24.119229507446292, 
            32.96668243408203, 
            41.19270706176758
        ], 
        "NEU": [
            36.18079528808594, 
            55.437599182128906, 
            70.9354248046875
        ], 
        "WCE": [
            25.890462493896486, 
            32.90943908691406, 
            42.97047882080078
        ]
    }, 
    "3": {
        "EEU": [
            24.45323257446289, 
            41.91629409790039, 
            54.28258895874024
        ], 
        "MED": [
            15.178325653076174, 
            21.151611328125, 
            29.183571624755864
        ], 
        "NEU": [
            27.07856674194336, 
            44.13599395751953, 
            57.21917190551759
        ], 
        "WCE": [
            15.6061918258667, 
            23.772506713867188, 
            33.62591323852539
        ]
    }, 
    "4": {
        "EEU": [
            16.647891998291016, 
            32.31568145751953, 
            46.566959381103516
        ], 
        "MED": [
            9.656405448913574, 
            14.167403221130371, 
            18.80069351196289
        ], 
        "NEU": [
            19.805002212524414, 
            32.4441032409668, 
            46.86769104003906
        ], 
        "WCE": [
            10.018996238708496, 
            15.177355766296387, 
            21.151262283325195
        ]
    }, 
    "RCP26_ece": {
        "EEU": [
            40.777079010009764, 
            55.155221939086914, 
            68.38168029785156
        ], 
        "MED": [
            23.50214786529541, 
            32.37320327758789, 
            41.852260971069335
        ], 
        "NEU": [
            36.069685745239255, 
            52.30458068847656, 
            74.34580078125
        ], 
        "WCE": [
            23.25532264709473, 
            32.57393264770508, 
            41.73008728027344
        ]
    }, 
    "RCP26_mce": {
        "EEU": [
            41.559054946899415, 
            54.41734504699707, 
            68.72068099975586
        ], 
        "MED": [
            22.535715866088868, 
            32.36828422546387, 
            42.37958946228027
        ], 
        "NEU": [
            36.69326057434082, 
            55.20538330078125, 
            75.58102035522461
        ], 
        "WCE": [
            21.99339008331299, 
            31.125067710876465, 
            42.39366226196289
        ]
    }, 
    "RCP85_ece": {
        "EEU": [
            12.847918891906737, 
            25.924823760986328, 
            38.932418441772455
        ], 
        "MED": [
            5.0307926654815684, 
            10.100220203399658, 
            16.140457534790038
        ], 
        "NEU": [
            13.560132122039796, 
            27.044143676757812, 
            45.317068862915036
        ], 
        "WCE": [
            7.3562146663665775, 
            12.89310359954834, 
            20.8446985244751
        ]
    }, 
    "RCP85_mce": {
        "EEU": [
            31.604374694824216, 
            45.74131202697754, 
            58.33232612609863
        ], 
        "MED": [
            17.604961585998534, 
            27.479976654052734, 
            33.520059967041014
        ], 
        "NEU": [
            31.871747970581055, 
            50.50798416137695, 
            66.50589447021484
        ], 
        "WCE": [
            20.00859661102295, 
            27.854788780212402, 
            39.259133911132814
        ]
    }, 
    "RCP85_ref": {
        "EEU": [
            50.65421524047852, 
            65.39809036254883, 
            76.24567337036133
        ], 
        "MED": [
            34.183943557739255, 
            45.96332359313965, 
            52.17134017944336
        ], 
        "NEU": [
            51.79688110351563, 
            68.9052619934082, 
            83.39964599609374
        ], 
        "WCE": [
            36.04760894775391, 
            43.815813064575195, 
            55.488576507568354
        ]
    }
}